Film,Year,Script Type,Rotten Tomatoes % critics,Metacritic % critics,Average critics %,Rotten Tomatoes Audience %,Metacritic Audience %,Rotten Tomatoes vs Metacritic % deviance,Average audience %,"Audience vs Critics deviance % ('-' = audiences prefer, + = critics prefer)",Genre,Opening Weekend ($),Opening weekend ($million),Domestic Gross ($),Domestic gross ($million),Foreign Gross ($million),Foreign Gross ($),Worldwide Gross ($),Worldwide Gross ($million),% of Gross earned abroad,Budget ($million),% of budget recovered,% Budget recovered opening weekend
21 Bridges,2019,original screenplay,50,51,51,91,62,29,77,-26,Thriller,"9,261,268",9,"20,676,747",20.7,2.7,"2,730,000","23,406,747",23.4,11.70%,33,71%,28.06%
47 Meters Down: Uncaged,2019,sequel,42,43,43,68,55,13,62,-19,Thriller,"8,427,265",8,"22,260,900",22.3,17.6,"17,649,616","39,910,516",39.9,44.20%,12,333%,70.23%
A Beautiful Day in the Neighbourhood,2019,original screenplay,95,80,88,91,71,20,81,7,Drama,"13,251,238",13,"37,144,754",37.1,0,0,"37,144,754",37.1,0.00%,25,149%,53.00%
A Dog's Way Home,2019,adaptation,62,50,56,73,51,22,62,-6,"Adventure, Drama, Family","11,251,263",11,"42,004,346",42,33.1,"33,054,369","75,058,715",75.1,44.00%,18,417%,62.51%
A Dog’s Journey,2019,adaptation,50,43,47,92,70,22,81,-35,Drama,"8,030,085",8,"22,546,590",22.5,49.2,"49,200,000","71,746,590",71.7,68.60%,22,326%,36.50%
A Hidden Life,2019,based on a true story,83,79,81,71,88,-17,80,2,"Biography, Drama, Romance","50,383",0,"1,015,637",1,1,"1,015,637","2,031,274",2,50.00%,8,25%,0.63%
Abominable,2019,original screenplay,80,61,71,95,57,38,76,-6,Adventure,"20,612,100",21,"60,196,485",60.2,116,"116,000,000","176,196,485",176.2,65.80%,75,235%,27.48%
Ad Astra,2019,original screenplay,84,80,82,40,62,-22,51,31,"Thriller, Sci-Fi","19,001,398",19,"50,175,123",50.2,77,"76,987,552","127,162,675",127.2,60.50%,90,141%,21.11%
Aladdin,2019,remake,57,53,55,94,67,27,81,-26,Adventure,"91,500,929",92,"355,559,216",355.6,695.1,"695,134,737","1,050,693,953",1050.7,66.20%,183,574%,50.00%
Alita: Battle Angel,2019,adaptation,60,54,57,94,88,6,91,-34,"Action, Adventure, Romance","28,525,613",29,"85,316,378",85.3,316.4,"316,393,320","401,709,698",401.7,78.80%,170,236%,16.78%
Angel Has Fallen,2019,sequel,39,45,42,93,66,27,80,-38,Thriller,"21,380,987",21,"69,030,436",69,64.3,"64,335,016","133,365,452",133.4,48.20%,40,333%,53.45%
Anna,2019,original screenplay,36,40,38,81,64,17,73,-35,Action,"3,600,647",4,"7,743,794",7.7,23.2,"23,174,932","30,918,726",30.9,75.00%,30,103%,12.00%
Annabelle Comes Home,2019,sequel,64,53,59,70,62,8,66,-8,Horror,"20,269,723",20,"74,152,591",74.2,154.4,"154,400,000","228,552,591",228.6,67.60%,30,762%,67.57%
Arctic,2019,original screenplay,89,71,80,87,63,24,75,5,"Adventure, Drama","50,878",0,"2,336,565",2.3,0,0,"2,336,565",2.3,0.00%,2,117%,2.54%
Arctic Dogs,2019,original screenplay,14,28,21,60,21,39,41,-20,Adventure,"2,901,335",3,"5,667,265",5.7,1,"956,170","6,623,435",6.6,14.40%,50,13%,5.80%
Avengers: Endgame,2019,adaptation,94,78,86,90,78,12,84,2,Action,"357,115,007",357,"858,373,000",858.4,1939.4,"1,939,427,564","2,797,800,564",2797.8,69.30%,356,786%,100.31%
Badla,2019,adaptation,54,-,-,72,70,2,71,-,"Drama, Mystery, Thriller, Crime","596,446",1,"1,861,000",1.9,118.4,"118,366,848","120,227,848",120.2,98.50%,1,8588%,42.60%
Black and Blue,2019,original screenplay,51,54,53,93,37,56,65,-13,Action,"8,376,846",8,"21,800,086",21.8,0.6,"644,342","22,444,428",22.4,2.90%,12,187%,69.81%
Black Christmas,2019,remake,40,50,45,31,19,12,25,20,"Thriller, Horror","4,240,245",4,"9,747,760",9.7,8.1,"8,100,000","17,847,760",17.8,45.40%,5,357%,84.80%
Blinded by the Light,2019,based on a true story,89,71,80,91,68,23,80,1,Drama,"4,333,305",4,"11,901,145",11.9,6.1,"6,118,053","18,019,198",18,34.00%,15,120%,28.89%
Bombshell,2019,based on a true story,66,65,66,83,63,20,73,-8,"Biography, Drama","319,157",0,"18,109,144",18.1,0.2,"228,919","18,338,063",18.3,1.20%,32,57%,1.00%
Booksmart,2019,original screenplay,97,84,91,77,43,34,60,31,Comedy,"6,933,620",7,"22,680,962",22.7,2.2,"2,163,028","24,843,990",24.8,8.70%,6,414%,115.56%
Breakthrough,2019,adaptation,61,46,54,81,68,13,75,-21,Drama,"11,282,333",11,"40,713,082",40.7,9.7,"9,731,276","50,444,358",50.4,19.30%,14,360%,80.59%
Brian Banks,2019,based on a true story,60,58,59,97,52,45,75,-16,Drama,"2,156,272",2,"4,376,820",4.4,0,0,"4,376,820",4.4,0.00%,10,44%,21.56%
BrightBurn,2019,original screenplay,57,44,51,67,64,3,66,-15,Horror,"7,845,658",8,"17,259,427",17.3,15.6,"15,592,982","32,852,409",32.9,47.50%,6,548%,130.76%
Brittany Runs a Marathon,2019,original screenplay,89,72,81,87,56,31,72,9,Drama,"180,711",0,"7,136,342",7.1,0.3,"250,420","7,386,762",7.4,3.40%,14,53%,1.29%
Captain Marvel,2019,adaptation,78,64,71,58,36,22,47,24,"Action, Adventure, Sci-Fi","153,433,423",153,"373,880,366",373.9,664.1,"664,099,896","1,037,980,262",1038,64.00%,152,683%,100.94%
Captive State,2019,original screenplay,45,54,50,42,53,-11,48,2,"Sci-Fi, Thriller","3,131,525",3,"5,958,315",6,1,"982,490","6,940,805",6.9,14.20%,25,28%,12.53%
Cats,2019,adaptation,19,32,26,54,63,-9,59,-33,"Drama, Comedy, Musical","6,619,870",7,"19,962,590",20,20.5,"20,500,000","40,462,590",40.5,50.70%,95,43%,6.97%
Charlie’s Angels,2019,remake,53,52,53,79,28,51,54,-1,Action,"8,351,109",8,"17,199,425",17.2,38.4,"38,400,000","55,599,425",55.6,69.10%,48,116%,17.40%
Child’s Play,2019,remake,63,48,56,57,62,-5,60,-4,Horror,"14,094,594",14,"29,208,403",29.2,15.7,"15,693,834","44,902,237",44.9,35.00%,10,449%,140.95%
Cold Pursuit,2019,remake,69,57,63,58,60,-2,59,4,"Action, Drama, Thriller, Crime","11,030,233",11,"32,050,710",32.1,27.1,"27,075,069","59,125,779",59.1,45.80%,60,99%,18.38%
Countdown,2019,original screenplay,25,31,28,72,32,40,52,-24,Horror,"8,865,082",9,"25,324,261",25.3,10,"10,000,000","35,324,261",35.3,28.30%,7,543%,136.39%
Crawl,2019,original screenplay,83,60,72,75,61,14,68,4,Horror,"12,005,210",12,"39,014,193",39,52.5,"52,502,455","91,516,648",91.5,57.40%,14,678%,88.93%
Dark Phoenix,2019,sequel,23,43,33,64,51,13,58,-25,Action,"32,828,348",33,"65,845,974",65.8,186.6,"186,597,000","252,442,974",252.4,73.90%,200,126%,16.41%
Doctor Sleep,2019,adaptation,77,59,68,89,66,23,78,-10,Horror,"14,114,124",14,"30,796,016",30.8,38.6,"38,600,000","69,396,016",69.4,55.60%,45,154%,31.36%
Don’t Let Go,2019,original screenplay,39,49,44,79,59,20,69,-25,Thriller,"2,338,669",2,"4,302,776",4.3,0.1,"72,949","4,375,725",4.4,1.70%,5,88%,46.77%
Dora and the Lost City of Gold,2019,adaptation,84,63,74,88,44,44,66,8,Adventure,"17,431,588",17,"60,477,943",60.5,58.8,"58,804,784","119,282,727",119.3,49.30%,49,243%,35.57%
Downton Abbey,2019,adaptation,84,64,74,94,61,33,78,-4,Drama,"31,033,665",31,"96,722,715",96.7,89.2,"89,200,000","185,922,715",185.9,48.00%,17,1094%,182.55%
Dragon Ball Super: Broly,2019,sequel,83,59,71,93,77,16,85,-14,"Action, Adventure, Sci-Fi, Fantasy, Family","9,816,197",10,"30,712,119",30.7,72.9,"72,915,772","103,627,891",103.6,70.40%,9,1219%,115.48%
Dumbo,2019,adaptation,47,51,49,58,56,2,57,-8,"Adventure, Family, Fantasy","45,990,748",46,"76,261,456",76.3,139.6,"139,570,743","215,832,199",215.8,64.70%,170,127%,27.05%
Ek Ladki Ko Dekha Toh Aisa Laga,2019,adaptation,67,51,59,67,62,5,65,-6,"Drama, Comedy, Romance","606,775",1,"1,182,636",1.2,2.1,"2,124,929","3,307,565",3.3,64.20%,4,79%,14.45%
Escape Room,2019,original screenplay,48,48,48,55,55,0,55,-7,"Action, Adventure, Drama","18,238,172",18,"56,884,457",56.9,96.5,"96,526,751","153,411,208",153.4,62.90%,9,1705%,202.65%
Everybody Knows,2019,original screenplay,77,68,73,64,73,-9,69,4,"Drama, Mystery, Thriller, Crime","71,207",0,"2,660,165",2.7,15.3,"15,337,185","17,997,350",18,85.20%,12,153%,0.60%
Extreme Job,2019,original screenplay,78,-,-,85,-,-,-,-,"Action, Comedy","42,587",0,"1,565,885",1.6,0,0,"1,565,885",1.6,0.00%,6,27%,0.73%
Fast & Furious Presents: Hobbs and Shaw,2019,sequel,67,60,64,88,66,22,77,-14,Action,"60,038,950",60,"173,810,100",173.8,585.1,"585,100,000","758,910,100",758.9,77.10%,200,379%,30.02%
Fighting with My Family,2019,based on a true story,92,68,80,86,74,12,80,0,"Biography, Drama, Sport, Comedy","138,780",0,"22,726,193",22.7,0,0,"22,726,193",22.7,0.00%,11,207%,1.26%
Five Feet Apart,2019,adaptation,55,53,54,80,74,6,77,-23,"Drama, Romance","13,190,286",13,"41,471,489",41.5,21,"21,000,000","62,471,489",62.5,33.60%,7,892%,188.43%
Ford v. Ferrari,2019,original screenplay,91,81,86,98,75,23,87,-1,Drama,"31,474,958",31,"83,797,945",83.8,76.5,"76,500,000","160,297,945",160.3,47.70%,98,164%,32.25%
Frozen II,2019,sequel,78,65,72,92,69,23,81,-9,Adventure,"130,263,358",130,"300,194,495",300.2,582.1,"582,100,000","882,294,495",882.3,66.00%,33,2674%,394.74%
Gemini Man,2019,original screenplay,26,38,32,83,50,33,67,-35,Action,"20,552,372",21,"48,541,509",48.5,124.4,"124,425,400","172,966,909",173,71.90%,138,125%,14.89%
Glass,2019,sequel,37,42,40,73,68,5,71,-31,"Drama, Sci-Fi, Thriller","40,328,920",40,"111,035,005",111,135.9,"135,873,591","246,908,596",246.9,55.00%,20,1235%,201.64%
Gloria Bell,2019,remake,91,80,86,41,67,-26,54,32,"Drama, Comedy, Romance","145,218",0,"5,007,471",5,0.7,"745,660","5,753,131",5.8,13.00%,-,0%,-%
Godzilla: King of the Monsters,2019,sequel,42,48,45,83,73,10,78,-33,Action,"47,776,293",48,"110,500,138",110.5,275.4,"275,400,000","385,900,138",385.9,71.40%,170,227%,28.10%
Gone with the Wind (80th Anniversary),2019,adaptation,92,97,95,92,85,7,89,6,"Drama, History, Romance","1,089,932",1,"200,852,579",200.9,22.9,"22,863,635","223,716,214",223.7,10.20%,71,315%,1.54%
Good Boys,2019,original screenplay,80,60,70,86,61,25,74,-4,Comedy,"21,402,605",21,"83,083,070",83.1,27.8,"27,800,000","110,883,070",110.9,25.10%,20,554%,107.01%
Greta,2019,original screenplay,56,53,55,44,61,-17,53,2,"Drama, Mystery, Thriller, Horror","4,481,910",4,"10,519,425",10.5,0.7,"700,000","11,219,425",11.2,6.20%,-,0%,-%
Gully Boy,2019,original screenplay,100,65,83,87,63,24,75,8,"Drama, Musical","2,045,068",2,"5,566,534",5.6,0,0,"5,566,534",5.6,0.00%,5,111%,40.90%
Happy Death Day 2U,2019,sequel,68,57,63,65,63,2,64,-2,"Sci-Fi, Drama, Mystery, Thriller, Horror, Comedy","9,497,665",9,"28,051,045",28.1,36.2,"36,200,000","64,251,045",64.3,56.30%,9,714%,105.53%
Harriet,2019,based on a true story,73,66,70,97,62,35,80,-10,Drama,"11,676,720",12,"39,911,835",39.9,0.2,"200,000","40,111,835",40.1,0.50%,17,236%,68.69%
Hellboy,2019,adaptation,17,31,24,51,54,-3,53,-29,Horror,"12,045,147",12,"21,903,748",21.9,22.8,"22,760,942","44,664,690",44.7,51.00%,50,89%,24.09%
Hotel Mumbai,2019,based on a true story,75,64,70,83,71,12,77,-8,"Drama, History, Thriller","88,065",0,"6,420,666",6.4,0,0,"6,420,666",6.4,0.00%,17,37%,0.51%
How to Train Your Dragon: The Hidden World,2019,sequel,90,71,81,88,83,5,86,-5,"Action, Adventure","55,022,245",55,"156,700,470",156.7,352,"352,000,000","508,700,470",508.7,69.20%,129,394%,42.65%
Hustlers,2019,original screenplay,88,79,84,65,60,5,63,21,Comedy,"33,181,361",33,"104,925,146",104.9,45.6,"45,600,000","150,525,146",150.5,30.30%,20,753%,165.91%
Isn't It Romantic,2019,original screenplay,69,60,65,50,57,-7,54,11,"Fantasy, Comedy, Romance","14,247,758",14,"48,429,584",48.4,0,0,"48,429,584",48.4,0.00%,31,156%,45.96%
It: Chapter Two,2019,sequel,62,58,60,78,65,13,72,-12,Horror,"91,062,152",91,"211,591,984",211.6,258.9,"258,900,000","470,491,984",470.5,55.00%,79,596%,115.27%
Jay and Silent Bob Reboot,2019,sequel,71,46,59,94,61,33,78,-19,Comedy,"93,520",0,"2,801,841",2.8,0.1,"99,748","2,901,589",2.9,3.40%,10,29%,0.94%
Jexi,2019,original screenplay,11,39,25,71,21,50,46,-21,Comedy,"3,106,730",3,"6,546,159",6.5,0.9,"906,254","7,452,413",7.5,12.20%,5,149%,62.13%
John Wick: Chapter 3 — Parabellum,2019,sequel,90,73,82,86,78,8,82,-1,Action,"56,818,067",57,"171,015,687",171,155.7,"155,679,317","326,695,004",326.7,47.70%,75,436%,75.76%
Jojo Rabbit,2019,adaptation,79,58,69,95,62,33,79,-10,Comedy,"349,555",0,"18,647,613",18.6,2.6,"2,587,705","21,235,318",21.2,12.20%,14,152%,2.50%
Joker,2019,adaptation,69,59,64,88,92,-4,90,-26,Thriller,"96,202,337",96,"330,964,838",331,722.8,"722,800,000","1,053,764,838",1053.8,68.60%,55,1916%,174.91%
Judy,2019,based on a true story,83,66,75,85,70,15,78,-3,Drama,"2,916,548",3,"23,898,614",23.9,13.3,"13,293,898","37,192,512",37.2,35.70%,175,21%,1.67%
Jumanji: The Next Level,2019,sequel,71,58,65,87,64,23,76,-11,"Action, Adventure, Comedy","59,251,543",59,"192,076,805",192.1,297.3,"297,295,047","489,371,852",489.4,60.80%,125,391%,47.40%
Kalank,2019,original screenplay,38,-,-,42,-,-,-,-,Drama,"1,276,581",1,"2,729,336",2.7,16.1,"16,130,339","18,859,675",18.9,85.50%,21,90%,6.08%
Knives Out,2019,original screenplay,97,82,90,92,69,23,81,9,Drama,"26,769,548",27,"47,628,053",47.6,60.6,"60,600,000","108,228,053",108.2,56.00%,40,271%,66.92%
Last Christmas,2019,original screenplay,47,50,49,81,49,32,65,-17,"Romance, Comedy","11,441,055",11,"32,280,165",32.3,51.3,"51,300,000","83,580,165",83.6,61.40%,25,334%,45.76%
Late Night,2019,original screenplay,80,70,75,77,59,18,68,7,Comedy,"246,305",0,"15,500,045",15.5,6.9,"6,887,012","22,387,057",22.4,30.80%,4,560%,6.16%
Little Women,2019,adaptation,95,91,93,93,74,19,84,10,"Drama, Romance","16,755,000",17,"37,605,000",37.6,6.3,"6,343,716","43,948,716",43.9,14.40%,40,110%,41.89%
Long Shot,2019,original screenplay,81,67,74,75,67,8,71,3,"Romance, Comedy","9,740,064",10,"30,316,271",30.3,23.1,"23,142,738","53,459,009",53.5,43.30%,40,134%,24.35%
Los Domirriqueños 2,2019,sequel,-,-,-,-,-,-,-,-,Comedy,"341,847",0,"1,103,550",1.1,0,0,"1,103,550",1.1,0.00%,-,0%,-%
Luka Chuppi,2019,original screenplay,33,-,-,57,-,-,-,-,Romance,"485,342",0,"1,042,905",1,0,0,"1,042,905",1,0.00%,4,30%,13.87%
Maleficent: Mistress of Evil,2019,sequel,40,43,42,95,54,41,75,-33,Adventure,"36,948,713",37,"111,779,536",111.8,369,"369,015,571","480,795,107",480.8,76.80%,185,260%,19.97%
Men in Black: International,2019,sequel,23,38,31,66,43,23,55,-24,Adventure,"30,035,838",30,"80,001,807",80,173.9,"173,888,894","253,890,701",253.9,68.50%,110,231%,27.31%
Midsommar,2019,original screenplay,83,72,78,63,64,-1,64,14,Horror,"6,560,030",7,"27,426,363",27.4,13.7,"13,697,409","41,123,772",41.1,33.30%,8,514%,82.00%
Midway,2019,based on a true story,43,47,45,92,53,39,73,-28,Action,"17,897,419",18,"51,189,922",51.2,54.7,"54,715,413","105,905,335",105.9,51.70%,100,106%,17.90%
Miss Bala,2019,adaptation,22,79,51,62,69,-7,66,-15,"Action, Drama, Thriller","6,864,744",7,"15,006,824",15,0.2,"208,841","15,215,665",15.2,1.40%,15,101%,45.76%
Missing Link,2019,original screenplay,89,68,79,67,74,-7,71,8,Adventure,"5,944,950",6,"16,649,539",16.6,9.6,"9,599,930","26,249,469",26.2,36.60%,100,26%,5.94%
Mission Mangal,2019,based on a true story,62,-,-,95,-,-,-,-,Drama,"1,365,006",1,"3,660,413",3.7,2,"2,007,644","5,668,057",5.7,35.40%,5,126%,30.33%
Motherless Brooklyn,2019,adaptation,61,60,61,80,51,29,66,-5,Drama,"3,500,454",4,"9,200,043",9.2,4.2,"4,200,000","13,400,043",13.4,31.30%,26,52%,13.46%
Ne Zha,2019,adaptation,87,54,71,98,93,5,96,-25,Adventure,"1,015,755",1,"3,695,533",3.7,696.9,"696,852,221","700,547,754",700.5,99.50%,5,14011%,20.32%
No Manches Frida 2,2019,sequel,13,-,-,32,30,2,31,-,Comedy,"3,831,401",4,"8,736,784",8.7,0,0,"8,736,784",8.7,0.00%,-,0%,-%
Once Upon a Time in Hollywood,2019,original screenplay,85,83,84,70,76,-6,73,11,Thriller,"41,082,018",41,"140,998,437",141,231,"230,952,273","371,950,710",372,62.10%,90,413%,45.65%
Overcomer,2019,original screenplay,50,17,34,98,67,31,83,-49,Drama,"8,146,533",8,"34,700,142",34.7,2.2,"2,187,497","36,887,639",36.9,5.90%,5,738%,162.93%
Pain & Glory,2019,original screenplay,97,88,93,91,79,12,85,8,Drama,"152,636",0,"3,490,325",3.5,31.9,"31,855,379","35,345,704",35.3,90.10%,-,0%,-%
Parasite,2019,original screenplay,99,96,98,93,89,4,91,7,Drama,"393,216",0,"18,274,213",18.3,99,"99,030,799","117,305,012",117.3,84.40%,11,1066%,3.57%
Pet Sematary,2019,adaptation,59,57,58,43,61,-18,52,6,"Mystery, Thriller, Horror","24,502,775",25,"24,502,775",24.5,17.3,"17,300,000","41,802,775",41.8,41.40%,21,199%,116.68%
Playing with Fire,2019,original screenplay,22,24,23,78,34,44,56,-33,Comedy,"12,723,781",13,"39,835,194",39.8,7,"7,027,580","46,862,774",46.9,15.00%,29,162%,43.88%
Playmobile: The Movie,2019,original screenplay,17,-,-,60,-,-,-,-,"Action, Adventure, Comedy","656,530",1,"1,083,213",1.1,12.7,"12,676,777","13,759,990",13.8,92.10%,40,34%,1.64%
Pokémon: Detective Pikachu,2019,adaptation,68,53,61,80,76,4,78,-18,Adventure,"54,365,242",54,"144,105,346",144.1,287.6,"287,600,000","431,705,346",431.7,66.60%,150,288%,36.24%
Poms,2019,original screenplay,34,36,35,75,57,18,66,-31,Comedy,"5,361,937",5,"13,631,124",13.6,2.8,"2,787,094","16,418,218",16.4,17.00%,10,164%,53.62%
Queen & Slim,2019,original screenplay,83,75,79,93,57,36,75,4,Drama,"11,890,490",12,"19,490,160",19.5,0,0,"19,490,160",19.5,0.00%,30,65%,39.63%
Rambo: Last Blood,2019,sequel,27,26,27,82,79,3,81,-54,Action,"18,872,919",19,"44,819,352",44.8,42.2,"42,222,444","87,041,796",87,48.50%,50,174%,37.75%
Ready or Not,2019,original screenplay,89,64,77,78,65,13,72,5,Comedy,"8,015,590",8,"28,714,231",28.7,28.7,"28,723,219","57,437,450",57.4,50.00%,6,957%,133.59%
Replicas,2019,original screenplay,10,19,15,37,42,-5,40,-25,"Sci-Fi, Drama, Mystery, Thriller, Crime","2,375,325",2,"4,046,429",4,0,0,"4,046,429",4,0.00%,30,13%,7.92%
Rocketman,2019,based on a true story,89,69,79,88,74,14,81,-2,Drama,"25,725,722",26,"96,368,160",96.4,98.8,"98,811,139","195,179,299",195.2,50.60%,40,488%,64.31%
Run the Race,2019,original screenplay,40,35,38,86,58,28,72,-35,"Drama, Sport","2,161,480",2,"6,376,148",6.4,0,0,"6,376,148",6.4,0.00%,2,425%,144.10%
Scary Stories to Tell in the Dark,2019,adaptation,79,61,70,72,65,7,69,2,Horror,"20,915,346",21,"68,947,075",68.9,35.6,"35,598,430","104,545,505",104.5,34.10%,25,418%,83.66%
Serenity,2019,original screenplay,19,37,28,30,47,-17,39,-11,"Sci-Fi, Drama, Mystery, Thriller","4,415,403",4,"8,547,045",8.5,0,0,"8,547,045",8.5,0.00%,25,34%,17.66%
Shaft,2019,sequel,32,40,36,94,66,28,80,-44,Comedy,"8,901,419",9,"21,360,215",21.4,0,0,"21,360,215",21.4,0.00%,44,49%,20.23%
Shazam!,2019,adaptation,91,71,81,90,81,9,86,-5,"Action, Adventure, Comedy","53,505,326",54,"56,830,326",56.8,102.3,"102,300,000","159,130,326",159.1,64.30%,100,159%,53.51%
Spider-Man: Far From Home,2019,sequel,90,69,80,95,76,19,86,-6,Action,"92,579,212",93,"390,532,085",390.5,741.4,"741,395,911","1,131,927,996",1131.9,65.50%,160,707%,57.86%
Star Wars: The Rise of Skywalker,2019,sequel,54,54,54,86,50,36,68,-14,"Action, Adventure, Sci-Fi, Fantasy","177,383,864",177,"390,602,536",390.6,384.2,"384,226,978","774,829,514",774.8,49.60%,275,282%,64.50%
Stuber,2019,original screenplay,42,42,42,79,59,20,69,-27,Comedy,"8,225,384",8,"22,370,452",22.4,10,"10,020,493","32,390,945",32.4,30.90%,16,202%,51.41%
Terminator: Dark Fate,2019,sequel,71,54,63,82,40,42,61,2,Action,"29,033,832",29,"61,407,804",61.4,194.3,"194,307,773","255,715,577",255.7,76.00%,185,138%,15.69%
The Addams Family,2019,remake,43,46,45,69,43,26,56,-12,Adventure,"30,300,007",30,"96,477,373",96.5,88.6,"88,600,000","185,077,373",185.1,47.90%,38,487%,79.74%
The Aftermath,2019,adaptation,24,43,34,75,57,18,66,-33,"Romance, Drama, War","56,419",0,"1,088,679",1.1,0,0,"1,088,679",1.1,0.00%,23,5%,0.25%
The Angry Birds Movie 2,2019,sequel,73,60,67,84,68,16,76,-10,Adventure,"10,354,073",10,"41,657,076",41.7,105.1,"105,078,230","146,735,306",146.7,71.60%,65,226%,15.93%
The Art of Racing in the Rain,2019,adaptation,44,43,44,96,76,20,86,-43,Drama,"8,137,584",8,"26,402,818",26.4,7.4,"7,371,145","33,773,963",33.8,21.80%,-,0%,-%
The Beach Bum,2019,original screenplay,52,56,54,32,61,-29,47,8,Comedy,"1,763,070",2,"3,005,408",3,0,0,"3,005,408",3,0.00%,5,60%,35.26%
The Best of Enemies,2019,adaptation,53,49,51,76,49,27,63,-12,"Biography, Drama, History","4,446,190",4,"4,446,190",4.4,0,0,"4,446,190",4.4,0.00%,10,44%,44.46%
The Curse of La Llorona,2019,original screenplay,29,41,35,40,47,-7,44,-9,Horror,"26,347,631",26,"54,733,739",54.7,67.4,"67,400,000","122,133,739",122.1,55.20%,9,1357%,292.75%
The Farewell,2019,based on a true story,99,89,94,87,89,-2,88,6,Comedy,"355,662",0,"17,700,478",17.7,1.9,"1,906,283","19,606,761",19.6,9.70%,3,654%,11.86%
The Goldfinch,2019,adaptation,24,40,32,72,70,2,71,-39,Drama,"2,679,027",3,"5,332,621",5.3,4.6,"4,600,000","9,932,621",9.9,46.30%,45,22%,5.95%
The Good Liar,2019,adaptation,66,55,61,85,48,37,67,-6,Thriller,"5,605,051",6,"15,486,968",15.5,9.6,"9,600,000","25,086,968",25.1,38.30%,10,251%,56.05%
The Hustle,2019,remake,14,35,25,45,35,10,40,-16,Comedy,"13,007,709",13,"35,417,038",35.4,59.6,"59,600,000","95,017,038",95,62.70%,21,452%,61.94%
The Intruder,2019,original screenplay,32,39,36,70,47,23,59,-23,Thriller,"10,855,054",11,"35,388,976",35.4,1.2,"1,180,239","36,569,215",36.6,3.20%,10,366%,108.55%
The Kid Who Would be King,2019,original screenplay,90,66,78,64,59,5,62,17,"Action, Adventure, Fantasy, Family","7,173,887",7,"16,790,790",16.8,12.9,"12,919,249","29,710,039",29.7,43.50%,59,50%,12.16%
The Kitchen,2019,adaptation,22,35,29,69,39,30,54,-26,Drama,"5,527,410",6,"12,180,032",12.2,3.7,"3,700,000","15,880,032",15.9,23.30%,38,42%,14.55%
The Last Black Man in San Francisco,2019,original screenplay,93,83,88,84,71,13,78,11,Drama,"235,272",0,"4,515,719",4.5,0.1,"91,298","4,607,017",4.6,2.00%,-,0%,-%
The LEGO Movie 2: The Second Part,2019,sequel,86,65,76,72,70,2,71,5,"Action, Adventure","34,115,335",34,"105,114,150",105.1,79.8,"79,800,000","184,914,150",184.9,43.20%,99,187%,34.46%
The Lighthouse,2019,original screenplay,92,83,88,71,82,-11,77,11,Drama,"427,797",0,"10,433,604",10.4,0.5,"500,000","10,933,604",10.9,4.60%,4,273%,10.69%
The Lion King,2019,remake,53,55,54,88,67,21,78,-24,Adventure,"191,770,759",192,"543,637,114",543.6,1112.7,"1,112,675,054","1,656,312,168",1656.3,67.20%,260,637%,73.76%
The Mustang,2019,based on a true story,94,77,86,70,60,10,65,21,Drama,"71,657",0,"2,053,910",2.1,0,0,"2,053,910",2.1,0.00%,-,0%,-%
The Peanut Butter Falcon,2019,original screenplay,95,70,83,96,78,18,87,-5,Adventure,"204,793",0,"20,437,883",20.4,0.3,"315,805","20,753,688",20.8,1.50%,6,335%,3.30%
The Prodigy,2019,original screenplay,45,45,45,45,57,-12,51,-6,"Thriller, Horror","5,853,061",6,"14,855,506",14.9,0,0,"14,855,506",14.9,0.00%,6,248%,97.55%
The Secret Life of Pets 2,2019,sequel,59,55,57,90,61,29,76,-19,Adventure,"46,652,680",47,"158,257,265",158.3,271.2,"271,176,898","429,434,163",429.4,63.10%,80,537%,58.32%
The Sun is Also a Star,2019,adaptation,51,52,52,64,59,5,62,-10,Drama,"2,511,530",3,"4,950,029",5,1.7,"1,700,000","6,650,029",6.7,25.60%,9,74%,27.91%
The Upside,2019,remake,40,46,43,85,53,32,69,-26,"Comedy, Drama","20,355,000",20,"107,839,886",107.8,13.2,"13,200,000","121,039,886",121,10.90%,38,323%,54.28%
The Wandering Earth,2019,adaptation,75,62,69,80,66,14,73,-5,Sci-Fi,"1,685,287",2,"5,874,519",5.9,693.9,"693,885,286","699,759,805",699.8,99.20%,50,1400%,3.37%
The Wizard of Oz (80th Anniversary),2019,adaptation,98,100,99,89,85,4,87,12,"Adventure, Fantasy, Comedy, Family, Musical","1,195,606",1,"24,770,492",24.8,0,0,"24,770,492",24.8,0.00%,51,49%,2.34%
Tolkien,2019,based on a true story,51,48,50,75,52,23,64,-14,Drama,"2,200,537",2,"4,535,154",4.5,3.2,"3,241,259","7,776,413",7.8,41.70%,20,39%,11.00%
Total Dhamaal,2019,sequel,33,-,-,42,-,-,-,-,"Action, Adventure, Comedy","989,387",1,"2,167,632",2.2,0,0,"2,167,632",2.2,0.00%,15,14%,6.60%
Toy Story 4,2019,sequel,97,84,91,94,80,14,87,4,Adventure,"120,908,065",121,"434,037,417",434,639.4,"639,356,585","1,073,394,002",1073.4,59.60%,200,537%,60.45%
Tyler Perry's A Madea Family Funeral,2019,original screenplay,13,39,26,24,37,-13,31,-5,Comedy,"27,062,332",27,"72,090,992",72.1,1.1,"1,136,218","73,227,210",73.2,1.60%,20,366%,135.31%
UglyDolls,2019,original screenplay,28,39,34,56,45,11,51,-17,Adventure,"8,603,407",9,"20,150,241",20.2,12.3,"12,300,000","32,450,241",32.5,37.90%,45,72%,19.12%
Unplanned,2019,adaptation,50,11,31,93,75,18,84,-54,"Biography, Drama","6,382,298",6,"12,548,155",12.5,0,0,"12,548,155",12.5,0.00%,6,209%,106.37%
Uri: The Surgical Strike,2019,based on a true story,67,-,-,93,-,-,-,-,"Action, Drama, Thriller","631,146",1,"4,186,168",4.2,0,0,"4,186,168",4.2,0.00%,4,120%,18.03%
Us,2019,original screenplay,94,81,88,68,67,1,68,20,"Horror, Thriller","71,117,625",71,"152,381,515",152.4,64.2,"64,200,000","216,581,515",216.6,29.60%,20,1083%,355.59%
War,2019,original screenplay,73,-,-,80,-,-,-,-,Action,"21,000,000",21,"3,640,355",3.6,62.5,"62,525,155","66,165,510",66.2,94.50%,21,315%,100.00%
What Men Want,2019,remake,45,49,47,32,27,5,30,18,"Fantasy, Comedy, Romance","18,232,087",18,"54,584,109",54.6,15.7,"15,672,610","70,256,719",70.3,22.30%,20,351%,91.16%
Where’d You Go Bernadette,2019,adaptation,49,51,50,74,65,9,70,-20,Comedy,"3,462,308",3,"9,198,356",9.2,0.9,"894,768","10,093,124",10.1,8.90%,18,56%,19.24%
Wonder Park,2019,original screenplay,31,46,39,36,48,-12,42,-4,"Adventure, Fantasy, Comedy, Family","15,853,646",16,"42,096,042",42.1,18,"18,000,000","60,096,042",60.1,30.00%,90,67%,17.62%
Yesterday,2019,original screenplay,63,56,60,89,63,26,76,-17,Drama,"17,010,050",17,"73,286,650",73.3,78,"78,000,000","151,286,650",151.3,51.60%,26,582%,65.42%
Zombieland: Double Tap,2019,sequel,69,56,63,88,57,31,73,-10,Comedy,"26,803,104",27,"72,308,744",72.3,45.5,"45,499,256","117,808,000",117.8,38.60%,42,280%,63.82%
